Row,Address,City,ZIP,Current Name,Units,Year Built,Corrected Name
1,8000 E BAYMEADOWS CIR,Jacksonville,32256,E Baymeadows Apartments,98,1969,
2,401 CENTURY 21 DR,Jacksonville,32211,Shorehouse Tic Apartments,64,1973,
3,1591 S LANE AVE,Jacksonville,32210,Riverbank Apts,59,1967,
4,9803 CREEKFRONT RD,Jacksonville,32256,L/L Deerwood Apartments,51,1983,
5,3200 HARTLEY RD,Jacksonville,32257,Mandarin Apartments,50,1974,
6,7816 SOUTHSIDE BLVD,Jacksonville,32256,Merion Chase Oaks,50,1975,
7,8201 KONA AVE,Jacksonville,32211,Sp Ov Apartments,50,1972,
8,7632 SOUTHSIDE BLVD,Jacksonville,32256,L/L Deerwood Apartments,49,1981,
9,3770 TOLEDO RD,Jacksonville,32217,Kings Trail Apartments,48,1968,
10,5350 ARLINGTON EXPY,Jacksonville,32211,Arep Pier Apartments,46,1972,
11,7651 PARADISE ISLAND BLVD,Jacksonville,32256,G&I Ix Paradise Island Apartments,45,1992,
12,1100 SEAGATE AVE,Neptune Beach,32266,Kae Apartments,45,1969,
13,8335 FREEDOM CROSSING TRL,Jacksonville,32256,Bmf Iv Fl Vue Baymeadows,44,1988,
14,5959 FT CAROLINE RD,Jacksonville,32277,Caroline Square Realty,43,1974,
15,8711 NEWTON RD,Jacksonville,32216,Jacksonville Housing Authority Apartments,43,1972,
16,400 CENTURY 21 DR,Jacksonville,32216,Boathouse Tic Apartments,42,1972,
17,4090 HODGES BLVD,Jacksonville,32224,Ccl Property Ll Apartments,42,1995,
18,3037 JOHN HANCOCK CT,Jacksonville,32221,Saddle Brook Landings,41,1978,
19,3551 S SAN PABLO RD,Jacksonville,32250,San Pablo Apartments,39,1974,
20,3500 N UNIVERSITY BLVD,Jacksonville,32277,Fah Treehouse Apartments,38,1973,
21,7061 S OLD KINGS RD,Jacksonville,32217,S Old Apartments,38,1966,
22,1935 FOREST BLVD,Jacksonville,32246,Jacksonville Housing Authority Apartments,36,1981,
23,11990 BEACH BLVD,Jacksonville,32246,Levanzo Apartments,34,1974,
24,3780 UNIVERSITY CLUB BLVD,Jacksonville,32277,Patriot Plaza Apartments 20,34,1975,
25,1715 HODGES BLVD,Jacksonville,32224,Mid America Apartments,33,1985,
26,5121 CATOMA ST,Jacksonville,32210,Villas at Ortega,31,1972,
27,9536 S PRINCETON SQUARE BLVD,Jacksonville,32256,Bentley Green Apartments Investors,29,1985,
28,333 LAURINA ST,Jacksonville,32216,Cyclone Columns Apartments,29,1968,
29,1441 MANOTAK AVE,Jacksonville,32210,Cyclone Cross Creek,29,1973,
30,7507 BEACH BLVD,Jacksonville,32216,Magnolia Point Cgc,29,1973,
31,2150 EMERSON ST,Jacksonville,32207,Sable Palms Preservation Apartments,29,1969,
32,3737 S ST JOHNS BLUFF RD,Jacksonville,32224,Silver Springs Property Ll Apartments,29,1985,
33,9439 SAN JOSE BLVD,Jacksonville,32257,Woodlake Park,29,1972,
34,7524 SOUTHSIDE BLVD,Jacksonville,32256,Atlantic Multi Family 7 Apple Apartments,28,1985,
35,3580 PALL MALL DR,Jacksonville,32257,Hilltop Pickwick Apartments,28,1985,
36,7925 MERRILL RD,Jacksonville,32277,Prcp St Johns Forest Apartments,28,1989,
37,12250 ATLANTIC BLVD,Jacksonville,32225,Sp Tt Apartments,28,1994,
38,761 N VILLAGE CENTER DR,Jacksonville,32206,Jacksonville Housing Authority Apartments,27,2006,
39,7932 SOUTHSIDE BLVD,Jacksonville,32256,Jax Deerwood Apartments,27,1982,
40,8433 SOUTHSIDE BLVD,Jacksonville,32256,Jwc Naples 70 Apartments,27,1984,
41,3601 S KERNAN BLVD,Jacksonville,32224,Bds Iv Mirage On Kernan Apartments,26,1996,
42,1701 LAKE SHORE BLVD,Jacksonville,32210,Oak Creek Apts,26,1980,
43,445 MONUMENT RD,Jacksonville,32225,Spring Woods,26,1985,
44,7595 W BAYMEADOWS CIR,Jacksonville,32256,St Johns Apartments,26,1989,
45,5020 CLEVELAND RD,Jacksonville,32209,Vista Landing Preservation,26,1969,
46,3709 S SAN PABLO RD,Jacksonville,32224,Coquina Bay Apartments,25,1987,
47,4301 CONFEDERATE POINT RD,Jacksonville,32210,Cedar River Apartments,25,1973,
48,9480 S PRINCETON SQUARE BLVD,Jacksonville,32256,Foothill Elliot Baymeadows,25,1986,
49,10101 ARROWHEAD DR,Jacksonville,32257,Jacksonville 5 Apartments,25,1975,
50,6750 RAMONA BLVD,Jacksonville,32205,Jacksonville Housing Authority Apartments,25,1973,
51,13800 EGRETS NEST DR,Jacksonville,32258,Luxor Club Rental Community,25,2018,
52,1650 N MONCRIEF VILLAGE ST,Jacksonville,32209,The Weldon,25,1957,
53,11291 HARTS RD,Jacksonville,32218,Mst Canopy Creek,25,1975,
54,2160 MAYPORT RD,Jacksonville,32233,Puckett Apartments,25,1988,
55,4455 CONFEDERATE POINT RD,Jacksonville,32210,Shoreline Multifamily Apartments,25,1970,
56,6355 MORSE AVE,Jacksonville,32244,Treetop Apartments,25,1979,
57,5327 TIMUQUANA RD,Jacksonville,32210,Villas at Ortega,25,1972,
58,7411 LA VENTURA DR,Jacksonville,32210,Westgate Apartments,25,1980,
59,7400 POWERS AVE,Jacksonville,32217,Bridge Wf Ii Fl Heron Walk,24,1978,
60,4375 CONFEDERATE POINT RD,Jacksonville,32210,Heritage Multifamily Apartments,24,1973,
61,11555 BEACH BLVD,Jacksonville,32246,Hickory Patio Apartments,24,1973,
62,7844 GREGORY DR,Jacksonville,32210,Jacksonville Housing Authority Apartments,24,1970,
63,7920 ORIOLE ST,Jacksonville,32208,Pine Hill Apartments,24,1988,
64,1801 KERNAN BLVD,Jacksonville,32246,Sp Pinewood Apartments,24,1991,
65,8024 SOUTHSIDE BLVD,Jacksonville,32256,Bancroft Auburn Glen Apartments,23,1974,
66,2260 N UNIVERSITY BLVD,Jacksonville,32211,Cielo at University Apartments,23,1964,
67,9855 REGENCY SQUARE BLVD,Jacksonville,32225,Regency Place Combined,23,1982,
68,5170 COLLINS RD,Jacksonville,32244,Southwind Apartments,23,1993,
69,3501 TOWNSEND BLVD,Jacksonville,32277,Townsend Apartments East,23,1972,
70,7651 GATE PKWY,Jacksonville,32256,Vr Village Walk Holdings Limited,23,2003,
71,1721 ANNISTON RD,Jacksonville,32246,Anniston Rd Apartments,22,1975,
72,6710 COLLINS RD,Jacksonville,32244,Bridge Wf Fl Westland Park,22,1988,
73,11247 SAN JOSE BLVD,Jacksonville,32223,Cherishome Apartments,22,1989,
74,11425 MCCORMICK RD,Jacksonville,32225,Dunes Apartment,22,1977,
75,8025 E BAYMEADOWS CIR,Jacksonville,32256,E Baymeadows Apartments,22,1983,
76,7350 BLANDING BLVD,Jacksonville,32244,Gmc Oakview Landing,22,1974,
77,5928 FIRESTONE RD,Jacksonville,32244,Jax 174 Apartments,22,1969,
78,6017 ROOSEVELT BLVD,Jacksonville,32244,Marbella Apartments,22,1973,
79,8700 SOUTHSIDE BLVD,Jacksonville,32256,Mid America Apartments,22,1986,
80,9009 WESTERN LAKE DR,Jacksonville,32256,Rre Bay Club,22,1990,
81,3450 TOWNSEND BLVD,Jacksonville,32277,Townsend Apartments West,22,1970,
82,301 CARAVAN CIR,Jacksonville,32216,Cyclone Riverview Apartments,21,1974,
83,14105 EPPLY DR,Jacksonville,32218,Exchange Cedar Creek Apartments,21,2025,
84,2045 JAMMES RD,Jacksonville,32210,Infinity Magnolia Apartments,21,1964,
85,2010 PARENTAL HOME RD,Jacksonville,32216,J H J Park Place,21,1969,
86,843 ALDERMAN RD,Jacksonville,32211,San Remo Residences Tic,21,1968,
87,9455 103RD ST,Jacksonville,32210,Addison Landing,20,2007,
88,10135 N GATE PKWY,Jacksonville,32246,Breit Mf Arium Apartments,20,1996,
89,4460 HODGES BLVD,Jacksonville,32224,Breit Olympus Mf Cape House Apartments,20,1998,
90,4207 CONFEDERATE POINT RD,Jacksonville,32210,Cedar River Apartments,20,1971,
91,9727 TOUCHTON RD,Jacksonville,32246,Drake at Deerwood Apartments,20,2000,
92,702 N LINCOLN CT,Jacksonville,32209,Finger Paint #3 Apartments,20,1949,
93,8343 HOGAN RD,Jacksonville,32216,Hogan Rd Apartments,20,1975,
94,3650 RING LN,Jacksonville,32207,Sp Hh Apartments,20,1971,
95,11501 HARTS RD,Jacksonville,32218,Sreit Hampton Ridge,20,1990,
96,2901 BEACHWOOD BLVD,Jacksonville,32246,Beachwood Preservation Apartments,19,1972,
97,900 BROWARD RD,Jacksonville,32218,Broward Road Apartments,19,1977,
98,11050 HARTS RD,Jacksonville,32218,Bw Maplecrest Apartments,19,1994,
99,13525 BARTRAM PARK BLVD,Jacksonville,32258,Ceai Bartram Park,19,2007,
100,6100 ARLINGTON EXPY,Jacksonville,32211,Infinity Reserve at Waters Apartments,19,1970,
101,3266 JUSTINA RD,Jacksonville,32277,Infinity University Townhomes Apartments,19,1964,
102,11701 PALM LAKE DR,Jacksonville,32218,Mezza Apartments,19,2008,
103,1214 LABELLE ST,Jacksonville,32205,Millennia Jacksonville Fl Tc Apartments,19,1971,
104,5701 FISHING PEN CREEK CT,Jacksonville,32244,Shucom Fpc Apartments,19,1985,
105,8150 POINT MEADOWS DR,Jacksonville,32256,Ww Hawthorne Apartments,19,2013,
106,12450 BISCAYNE BLVD,Jacksonville,32218,Biscayne Blvd Apartments,18,2003,
107,5821 SAN JUAN AVE,Jacksonville,32210,Cedar Creek Villas,18,1968,
108,10010 BELLE RIVE BLVD,Jacksonville,32256,Elements Acquisition Apartments,18,1989,
109,9611 SOUTHBROOK DR,Jacksonville,32256,Everest Evergreen Apartments,18,1985,
110,1000 ISLAND POINT DR,Jacksonville,32218,Island Pointe,18,1988,
111,12193 KERNAN LAKE DR,Jacksonville,32246,Kernan Land Apartments,18,2009,
112,2800 S UNIVERSITY BLVD,Jacksonville,32216,Lyfe Apartments,18,1971,
113,4295 SUNBEAM RD,Jacksonville,32257,Lyfe Mandarin One Apartments,18,1987,
114,10970 LEM TURNER RD,Jacksonville,32218,Madison Woods,18,2004,
115,4229 W MONCRIEF RD,Jacksonville,32209,Millennia Jacksonville Fl Tc Apartments,18,1969,
116,5800 W UNIVERSITY BLVD,Jacksonville,32216,Oasis Club Cgc,18,1972,
117,2600 ART MUSEUM DR,Jacksonville,32207,Pottsburg Apartments,18,1973,
118,8450 W GATE PKWY,Jacksonville,32216,Sreit Thornton Park,18,2007,
119,5615 SEABOARD AVE,Jacksonville,32244,Timuquana Affordable Apartments,18,1981,
120,3830 S UNIVERSITY BLVD,Jacksonville,32216,Uc Alux Holder Apartments,18,1968,
121,5800 S BARNES RD,Jacksonville,32216,Arbor Place Ro,17,1970,
122,8214 E PRINCETON SQUARE BLVD,Jacksonville,32256,Bentley Green Apartments Investors,17,1984,
123,8343 E PRINCETON SQUARE BLVD,Jacksonville,32256,Bentley Green Apartments Investors,17,1986,
124,7200 POWERS AVE,Jacksonville,32217,Bridge Wf Ii Fl Pointe Sienna,17,1974,
125,6457 FT CAROLINE RD,Jacksonville,32277,Caroline Arms Preservation Apartments,17,1970,
126,5501 N UNIVERSITY CLUB BLVD,Jacksonville,32277,Fast Boots Apartments,17,1975,
127,12021 MCCORMICK RD,Jacksonville,32225,Ff Hillwood Apartments,17,1991,
128,8050 ARLINGTON EXPY,Jacksonville,32211,Fort Francis Apartments,17,1973,
129,12517 BEACH BLVD,Jacksonville,32246,Frmf Apartments,17,2019,
130,2001 HODGES BLVD,Jacksonville,32224,Hodges Blvd Apartments,17,1988,
131,1171 S LANE AVE,Jacksonville,32205,Jacksonville Housing Authority Apartments,17,1989,
132,7241 S OLD KINGS RD,Jacksonville,32219,Kings Crossing Gardens,17,1984,
133,3534 SMITHFIELD ST,Jacksonville,32217,Lakewood Oaks Cgc,17,1974,
134,3960 OLD SUNBEAM RD,Jacksonville,32257,Mandarin Trace Apartments,17,1983,
135,653 MONUMENT RD,Jacksonville,32225,Meridian Apartments,17,1987,
136,11001 OLD ST AUGUSTINE RD,Jacksonville,32257,Mid America Apartments,17,1987,
137,401 MONUMENT RD,Jacksonville,32225,Monument Road Apartments,17,1975,
138,801 W 4TH ST,Jacksonville,32209,Mulligan Scv Apartments,17,1993,
139,2130 MAYPORT RD,Jacksonville,32233,Mv Acquisition Apartments,17,1972,
140,4754 ORTEGA HILLS DR,Jacksonville,32244,Ortega Hills Nm Apartments,17,1963,
141,5681 EDENFIELD RD,Jacksonville,32277,Pc Sundance Pointe,17,2001,
142,4800 ORTEGA FARMS BLVD,Jacksonville,32210,Qpg Ortega Apartments,17,1974,
143,8681 A C SKINNER PKWY,Jacksonville,32256,Bmg Lost Lake,16,2013,
144,3701 DANFORTH DR,Jacksonville,32224,Bw Danforth Apartments,16,1998,
145,6650 CORPORATE CENTER PKWY,Jacksonville,32216,Cherishome Southside Apartments,16,2009,
146,2165 DUNSFORD TER,Jacksonville,32207,Dunsford Ter Apartments,16,1973,
147,8231 W PRINCETON SQUARE BLVD,Jacksonville,32256,Everest Deerwood Apartments,16,1984,
148,10023 BELLE RIVE BLVD,Jacksonville,32256,Hampshire Place,16,1990,
149,10770 ANDERS BLVD,Jacksonville,32246,Jacksonville Housing Authority Apartments,16,1977,
150,1700 S SAN PABLO RD,Jacksonville,32224,Jacksonville Kendall Apartments,16,1997,
151,10010 SKINNER LAKE DR,Jacksonville,32246,Knickerbocker Properties Inc Xx Apartments,16,1996,
152,11011 HARTS RD,Jacksonville,32218,Mm Winn Apartments,16,1988,
153,3333 MONUMENT RD,Jacksonville,32225,Monument Rd Apartments,16,1986,
154,3355 CLAIRE LN,Jacksonville,32216,Oconee Real Estate Holdings X Oasis Apartments,16,1986,
155,13050 W GRAN BAY PKWY,Jacksonville,32258,Palm Bay Club Rental Community Two,16,2017,
156,4500 BAYMEADOWS RD,Jacksonville,32217,Bay Pointe,15,1974,
157,11110 ATLANTIC BLVD,Jacksonville,32225,Benchmark Cypress Cove Assoc Limited,15,1987,
158,5900 TOWNSEND RD,Jacksonville,32244,Creekside at Duval,15,1999,
159,9105 TREDINICK PKWY,Jacksonville,32211,Eden Living Apartments,15,2024,
160,5885 EDENFIELD RD,Jacksonville,32277,Emres Apartments,15,1975,
161,10535 LEM TURNER RD,Jacksonville,32218,Kendall Court,15,1999,
162,233 SAHARA CT,Jacksonville,32216,Lrc Desert Silver Apartments,15,1972,
163,300 SILVER CREEK TRCE,Jacksonville,32216,Lrc Desert Silver Apartments,15,1972,
164,10100 BAYMEADOWS RD,Jacksonville,32256,Mid America Apartments,15,1987,
165,1700 MINDANAO DR,Jacksonville,32246,Mindanao Dr Apartments,15,1989,
166,10415 MONACO DR,Jacksonville,32218,Monaco Arms Preservation Apartments,15,1972,
167,8649 A C SKINNER PKWY,Jacksonville,32256,Prg Loree Apartments,15,2016,
168,8030 S OLD KINGS RD,Jacksonville,32217,Ravenwood Apartments,15,1971,
169,6945 MORSE AVE,Jacksonville,32244,Savannah Springs Apartments,15,2008,
170,1701 S SAN PABLO RD,Jacksonville,32224,Seagrass Apartment Homes,15,2013,
171,8745 PALM BREEZE RD,Jacksonville,32256,Southside Blvd Borrower Apartments,15,1990,
172,5620 COLLINS RD,Jacksonville,32244,Sreit Courtney Manor,15,1999,
173,5710 LENOX AVE,Jacksonville,32205,Sreit Madelyn Oaks,15,2002,
174,12310 SEACREST LN,Jacksonville,32224,Vinoy at St. Johns,15,2007,
175,8300 S OLD KINGS RD,Jacksonville,32217,Stonewood Gardens,15,1980,
176,6371 COLLINS RD,Jacksonville,32244,The Kensley Acquisition Apartments,15,2004,
177,4263 LOSCO RD,Jacksonville,32257,Viera Acquisition Apartments,15,1984,
178,250 CHERRY RIDGE DR,Jacksonville,32222,Acp Palmetto Apartments,14,2013,
179,8365 DIX ELLIS TRL,Jacksonville,32256,Avia Jax Liberty Ridge,14,1986,
180,1920 DEAN RD,Jacksonville,32216,Birch Hill Apartments,14,1971,
181,800 BROWARD RD,Jacksonville,32218,Broward Road Apartments,14,1971,
182,13444 GRAN BAY PKWY,Jacksonville,32258,Bw Gran Bay,14,2015,
183,13401 S SUTTON PARK DR,Jacksonville,32224,Bw Registry Apartments,14,1999,
184,3000 CORONET LN,Jacksonville,32207,Coronet Lane Apartments,14,1970,
185,8685 E BAYMEADOWS RD,Jacksonville,32256,Hacienda Club Rental Community,14,2013,
186,1261 N BROAD ST,Jacksonville,32202,Jacksonville Housing Authority Apartments,14,1977,
187,14701 BARTRAM PARK BLVD,Jacksonville,32258,Jwc Bartram Apartments,14,2009,
188,1780 LEON RD,Jacksonville,32246,Leon Rd Apartments,14,1975,
189,7201 ARLINGTON EXPY,Jacksonville,32211,Les Chateaux Apartments,14,1968,
190,13990 BARTRAM PARK BLVD,Jacksonville,32258,Mahaffey Apartments,14,2018,
191,1646 W 45TH ST,Jacksonville,32208,New Hope Homes Of Apartments,14,1967,
192,500 ACME ST,Jacksonville,32211,Oak Hammock Apartments,14,1995,
193,7777 NORMANDY BLVD,Jacksonville,32221,Oaks at Normandy Acquisition,14,2007,
194,7528 ARLINGTON EXPY,Jacksonville,32211,Oaks at Red Bay,14,1972,
195,7557 ARLINGTON EXPY,Jacksonville,32211,Rasc Apartments,14,1969,
196,12900 BROXTON BAY DR,Jacksonville,32218,Rcm Acquisition Apartments,14,2017,
197,2790 ST JOHNS AVE,Jacksonville,32205,Riviera Park,14,1939,
198,8401 SOUTHSIDE BLVD,Jacksonville,32256,Sage Apartments,14,1984,
199,6535 CHESTER AVE,Jacksonville,32217,Samuel C Taylor Foundation Apartments,14,1983,
200,6090 TERRY RD,Jacksonville,32216,Sm-Summer Glen Apartments,14,1987,
201,8500 ARGYLE BUSINESS LOOP BLVD,Jacksonville,32244,Lindsey Terrace Apartments,14,2001,
202,5551 AUBURN RD,Jacksonville,32207,Village at San Jose,14,1948,
203,13700 N SUTTON PARK DR,Jacksonville,32224,Vr Links Holdings Limited Apartments,14,1994,
204,8451 W GATE PKWY,Jacksonville,32216,Bcore Mf Citigate Apartments,13,2009,
205,2445 DUNN AVE,Jacksonville,32218,Bds Iv Fl Northlake Apartments,13,1989,
206,7635 TIMBERLIN PARK BLVD,Jacksonville,32256,Br Timberlin Park,13,2001,
207,2114 KINGS PARK DR,Jacksonville,32209,Cascade Residential Apartments,13,1965,
208,9541 103RD ST,Jacksonville,32210,Finley Apartments,13,2008,
209,8050 103RD ST,Jacksonville,32210,Jackson 103 Apartments,13,1970,
210,11815 ALDEN RD,Jacksonville,32246,Jacksonville Housing Authority Apartments,13,1986,
211,2800 N UNIVERSITY BLVD,Jacksonville,32211,Jacksonville University Apartments,13,1964,
212,6500 LAKE GRAY BLVD,Jacksonville,32244,Landings,13,2005,
213,10263 WHISPERING FOREST DR,Jacksonville,32257,Merion Timberwalk Apartments,13,1987,
214,4925 COLLINS RD,Jacksonville,32244,Orange Park Exchange Apartments,13,2022,
215,10621 MONACO DR,Jacksonville,32218,Park at River City,13,1967,
216,7500 POWERS AVE,Jacksonville,32217,Pinebrook 7500 Apartments,13,1974,
217,14951 WALDEN SPRINGS WAY,Jacksonville,32258,Reserve at Bartram Springs Apartments,13,2006,
218,1462 SOLERA TER,Jacksonville,32211,Richbuilt Group Of Apartments,13,2020,
219,7820 E BAYMEADOWS RD,Jacksonville,32256,Rre Courtney Meadows,13,2001,
220,8715 BELLE RIVE BLVD,Jacksonville,32256,S2 Belle Rive Club,13,1990,
221,900 PLAZA,Atlantic Beach,32233,Sea Oats Acquisition Apartments,13,1974,
222,9801 OLD BAYMEADOWS RD,Jacksonville,32256,Southside Commons Realty,13,1972,
223,4320 SUNBEAM RD,Jacksonville,32257,Sreit Leigh Meadows Apartments,13,1997,
224,26 E 59TH ST,Jacksonville,32208,St Main Street Apartments,13,1944,
225,3050 TAMAYA BLVD,Jacksonville,32246,Tamaya Apartments,13,2017,
226,3800 S UNIVERSITY BLVD,Jacksonville,32216,Uc Alux Holder Apartments,13,1972,
227,7960 103RD ST,Jacksonville,32210,Westcreek Apartments,13,1985,
228,7855 WILSON BLVD,Jacksonville,32210,Wilson West Preservation Apartments,13,1983,
229,3539 BEACH BLVD,Jacksonville,32207,Ability Mayfair Apartments,12,1956,
230,8151 ALDERMAN RD,Jacksonville,32211,Azalea Ridge,12,1973,
231,510 DUVAL CIRCLE ST,Baldwin,32234,Baldwin Groves Apts,12,1980,
232,1385 BROOKWOOD FOREST BLVD,Jacksonville,32225,Brookwood Apartments,12,1987,
233,8540 HOMEPLACE DR,Jacksonville,32256,Ca Spyglass Apartments,12,2015,
234,14050 INTEGRA DR,Jacksonville,32218,Ebsco Integra River Run Apartments,12,2017,
235,7633 HARE AVE,Jacksonville,32211,Gsj Apartments,12,1956,
236,2553 SR A1A,Jacksonville,32233,Heron Point Apartments,12,1986,
237,380 BURBANK AVE,Jacksonville,32081,Hg Cadence Apartments,12,2021,
238,3239 JUSTINA RD,Jacksonville,32277,Infinity University Townhomes Apartments,12,1966,
239,9500 103RD ST,Jacksonville,32210,Jacksonville Housing Authority Apartments,12,1981,
240,13163 RANCH RD,Jacksonville,32218,Jax North Apartments,12,2022,
241,10275 OLD ST AUGUSTINE RD,Jacksonville,32257,Mid America Apartments,12,1985,
242,3900 OLDFIELD CROSSING DR,Jacksonville,32223,Mid America Apartments,12,1997,
243,1706 ART MUSEUM DR,Jacksonville,32207,Midtown Oaks Apts,12,1974,
244,3102 TALL PINE LN,Jacksonville,32277,Miramar Residences Tic,12,1973,
245,1025 ASSISI LN,Jacksonville,32233,Otter Run Apartments,12,1989,
246,9800 E TOUCHTON RD,Jacksonville,32246,Property Reserve Apartments,12,1997,
247,2943 SPRING PARK RD,Jacksonville,32207,San Mar Apartments,12,1972,
248,7211 CRANE AVE,Jacksonville,32216,Silversmith Cgc Apartments,12,1971,
249,3875 S SAN PABLO RD,Jacksonville,32224,Sreit Spinnaker Reach Apartments,12,1996,
250,6505 COLLINS RD,Jacksonville,32244,Tapestry Westland Village Poe,12,2020,
251,6701 CHESTER AVE,Jacksonville,32217,Taylor Fannie E Home For the Aged of & S Apartments,12,1980,
252,5601 EDENFIELD RD,Jacksonville,32277,Vestcor Fund Xx Apartments,12,2003,
253,3544 S ST JOHNS BLUFF RD,Jacksonville,32224,3544 St Johns Bluff Road South Apartments,11,2000,
254,6970 WILEY RD,Jacksonville,32210,Ability Wiley Apartments,11,2015,
255,6680 BENNETT CREEK DR,Jacksonville,32216,Bowden Road Housing Apartments,11,2011,
256,2610 SR A1A,Jacksonville,32233,Bw Mayport Apartments,11,1986,
257,5258 COLLINS PRESERVE RD,Jacksonville,32244,Cpr/Republic Collins Preserve Apartments,11,2023,
258,8680 E BAYMEADOWS RD,Jacksonville,32256,Galleria Club Rental Community,11,2015,
259,104 KING ST,Jacksonville,32204,Hollybrook Homes Apartments,11,1971,
260,3730 DUPONT AVE,Jacksonville,32217,Homestead San Jose Mf Apartments,11,2024,
261,1570 S LANE AVE,Jacksonville,32210,Jacksonville at Cielo Apartments,11,1974,
262,8876 A C SKINNER PKWY,Jacksonville,32256,Jtb Ac Skinner Apartments,11,2019,
263,3050 E OLD RIVER RD,Jacksonville,32223,Le Montage Apartments,11,2020,
264,1850 HELEN DR,Jacksonville,32210,Normandy Jacksonville Apartments,11,1974,
265,11750 ALDEN RD,Jacksonville,32246,Pine Barrens Gardens,11,1987,
266,4734 RADCLIFF CT,Jacksonville,32217,Shucom Rcf Apartments,11,1984,
267,5565 CONNIE JEAN RD,Jacksonville,32222,Sm Southwest Villas,11,1981,
268,5675 BARNHILL DR,Jacksonville,32207,Three Fountains Apartments,11,1966,
269,7740 PLANTATION BAY DR,Jacksonville,32244,Vintage Plantation Apartments,11,2001,
270,4435 E TOUCHTON RD,Jacksonville,32246,Eddison at Deerwood Park,10,2001,
271,91 W 11TH ST,Atlantic Beach,32233,Empirian Driftwood Apartments,10,1985,
272,12802 E HAVERFORD RD,Jacksonville,32218,Fci Fl4 Apartments,10,1975,
273,1913 ART MUSEUM DR,Jacksonville,32207,Fort Landon Apartments,10,1969,
274,110 HIGGINBOTHAM ST,Baldwin,32234,Hallmark Baldwin Village,10,1984,
275,65 W 5TH ST,Atlantic Beach,32233,Heritage V Apartments,10,2001,
276,955 N LIBERTY ST,Jacksonville,32206,Jacksonville Housing Authority Apartments,10,1977,
277,1601 DUNN AVE,Jacksonville,32218,Jax 174 Apartments,10,1975,
278,5601 CALIFORNIA AVE,Jacksonville,32244,Jjta18 Real Apartments,10,1987,
279,6595 SAN JUAN AVE,Jacksonville,32210,Kabana Cove Equity,10,1974,
280,9047 SAN JOSE BLVD,Jacksonville,32257,Lighthouse Apartments,10,1972,
281,10505 103RD ST,Jacksonville,32210,Magnolia Villas,10,2025,
282,11648 PINE ACRES RD,Jacksonville,32223,Mandarin Arms Associates Limited Apartments,10,1980,
283,13100 BROXTON BAY DR,Jacksonville,32218,Mirador Apartments,10,2007,
284,12633 MILLEDGE AVE,Jacksonville,32218,Novo Northlake,10,2025,
285,6870 103RD ST,Jacksonville,32210,Pt Jax Apts,10,1986,
286,4800 ATLANTIC BLVD,Jacksonville,32207,Red Raider 45 Apartments,10,1963,
287,6727 WOLFPACK WAY,Jacksonville,32217,Rosengarten Family Apartments,10,1974,
288,3451 SALAND WAY,Jacksonville,32246,Saland Way Apartments,10,2005,
289,3210 DISCOVERY WAY,Jacksonville,32224,Sm Florida Associates Two Limited Apartments,10,1988,
290,7610 BLANDING BLVD,Jacksonville,32244,Sreit Grande Court,10,2002,
291,4901 SUNBEAM RD,Jacksonville,32257,Sreit Thomas Chase Apartments,10,2004,
292,13000 BROXTON BAY DR,Jacksonville,32218,Stovall Apartments,10,2009,
293,3900 OLD SUNBEAM RD,Jacksonville,32257,Sunbeam Apartments,10,1978,
294,5000 KERNAN BLVD,Jacksonville,32224,Town Center Apartments East,10,2020,
295,4910 SAMARITAN WAY,Jacksonville,32210,Westlake Properties Kp6,10,2024,
296,10350 103RD ST,Jacksonville,32210,Accel Apartments,9,2024,
297,13490 GRAN BAY PY,Jacksonville,32258,Alaqua Rental Community Apartments,9,2016,
298,9849 CROSSHILL BLVD,Jacksonville,32222,Argyle Lake at Oakleaf Town Center,9,2020,
299,7311 BAYMEADOWS WAY,Jacksonville,32256,Baymeadows,9,2025,
300,9701 OLD BAYMEADOWS RD,Jacksonville,32256,Baytree On Baymeadows,9,1975,
301,900 BERT RD,Jacksonville,32211,Catalina Residences Tic,9,1967,
302,989 MONUMENT RD,Jacksonville,32225,Colonnade Apartments,9,2002,
303,12585 FLAGLER CENTER BLVD,Jacksonville,32258,Continental 495 Fund Apartments,9,2021,
304,10880 ANGEL FISH WAY,Jacksonville,32256,Dfi Arelia Apartments,9,2009,
305,14200 DUVAL RD,Jacksonville,32218,Duval Mf Apartments,9,2022,
306,7101 WILSON BLVD,Jacksonville,32210,Edens Edge Acquisition Apartments,9,2007,
307,1135 BERT RD,Jacksonville,32211,Fci Fl3 Apartments,9,1968,
308,7237 CORKLAN DR,Jacksonville,32258,Fountainhead Apartments,9,2022,
309,3285 N UNIVERSITY BLVD,Jacksonville,32277,Green Phin Flats Apartments,9,1966,
310,8859 S OLD KINGS RD,Jacksonville,32257,Jacksonville Waterstone Apartments,9,2000,
311,4646 MONCRIEF RD,Jacksonville,32209,Jax Fund 6 Apartments,9,1963,
312,1300 SHETTER AVE,Jacksonville Beach,32250,Kre B House Apartments,9,2009,
313,4950 RICHARD ST,Jacksonville,32207,Lions Head Apartments,9,1973,
314,2900 SR A1A,Jacksonville,32233,Mallard Cove,9,1987,
315,2900 CORONET LN,Jacksonville,32207,Manchester Apartments,9,1985,
316,1319 LACLEDE AVE,Jacksonville,32205,Mirabella Development Apartments,9,1966,
317,4060 BARNES RD,Jacksonville,32207,Mw S&L Apartments,9,1960,
318,2601 N UNIVERSITY BLVD,Jacksonville,32211,N University Apartments,9,1968,
319,1085 ATLANTIC BLVD,Atlantic Beach,32233,Ncm Apartments,9,1972,
320,4235 MARSH LANDING BLVD,Jacksonville Beach,32250,Ocean Park,9,1998,
321,6650 103RD ST,Jacksonville,32210,Palazzo Nm Apartments,9,1990,
322,2800 SOPHIA ST,Jacksonville,32254,Sah Hscv Apartments,9,1971,
323,3650 SAN PABLO PKWY,Jacksonville,32224,San Pablo I Mf Apartments,9,2023,
324,5262 TIMUQUANA RD,Jacksonville,32210,Sll Properrties Apartments,9,1984,
325,11830 BUCKFIELD CIR,Jacksonville,32256,Stillwood Apartments,9,2024,
326,2930 STONEMONT ST,Jacksonville,32207,Stonemont Apartments,9,1974,
327,3857 PRITMORE RD,Jacksonville,32257,Sunbeam Apartments,9,1980,
328,345 BURBANK AVE,Jacksonville,32081,Ttres Fl Ponte Vedra Beach Apartments,9,2025,
329,8181 A C SKINNER PKWY,Jacksonville,32256,A C Apartments,8,2023,
330,7738 A C SKINNER PKWY,Jacksonville,32256,A C Apartments,8,2021,
331,12525 TIBBETS LN,Jacksonville,32218,Avion Mf Apartments,8,2024,
332,6916 S OLD KINGS RD,Jacksonville,32217,Babaji Shivram Usa Re Apartments,8,1964,
333,7750 BELFORT PKWY,Jacksonville,32256,Belfort Pkwy Apartments,8,2013,
334,1382 BROOKWOOD FOREST BLVD,Jacksonville,32225,Brookwood Apartments,8,1987,
335,4813 MONCRIEF RD,Jacksonville,32208,Cypress Landing Apts,8,1967,
336,5116 GATE PKWY,Jacksonville,32256,Gate Parkway,8,2017,
337,3909 SUNBEAM RD,Jacksonville,32257,Home Rental Apartments,8,1986,
338,2401 JAMMES RD,Jacksonville,32210,Infinity Magnolia Apartments,8,1973,
339,10825 KEY HAVEN BLVD,Jacksonville,32218,Jax1 Mc Apartments,8,1988,
340,2768 SR A1A,Jacksonville,32233,Jax3 Mc Apartments,8,1986,
341,5641 CALIFORNIA AVE,Jacksonville,32244,Jjta15 Real Apartments,8,1986,
342,7225 CRANE AVE,Jacksonville,32216,Jjta3 Real Apartments,8,1984,
343,830 ARLINGTON RIVER DR,Jacksonville,32211,Jjta7 Real Apartments,8,1966,
344,2929 JUSTINA RD,Jacksonville,32277,Justina Rd Apartments,8,1963,
345,1865 W EDGEWOOD AVE,Jacksonville,32208,Lake Park Ncm,8,1967,
346,8300 MERRILL RD,Jacksonville,32277,Madison Palms Apartments,8,2024,
347,6136 BLANDING BLVD,Jacksonville,32244,Momentum Blanding,8,2025,
348,7893 HOGAN SETTLEMENT RD,Jacksonville,32221,Novu Normandy Residences,8,2025,
349,7960 MERCHANTS WAY,Jacksonville,32222,Oakley Square,8,2023,
350,10667 BRIGHTMAN BLVD,Jacksonville,32246,Oasis at Town Center Apartments,8,2019,
351,12001 ABESS BLVD,Jacksonville,32225,Pac Sorrel Apartments,8,2015,
352,1173 PECAN PARK RD,Jacksonville,32218,Pecan Park Multifamily,8,2023,
353,3420 S UNIVERSITY BLVD,Jacksonville,32216,Revocable Living Trust of William A Watson Apartments,8,1970,
354,5520 COLLINS RD,Jacksonville,32244,Rivers End Gardens,8,1986,
355,3190 W EDGEWOOD AVE,Jacksonville,32209,Sp Hv Apartments,8,1969,
356,5140 GATE PKWY,Jacksonville,32256,Src Terraces,8,2013,
357,8575 MERCHANTS WAY,Jacksonville,32222,Sydney Trace Apartments,8,2021,
358,4850 FIRST COAST TECHNOLOGY PKWY,Jacksonville,32224,University of North Florida Financing Corporation Apartments,8,2008,
359,7735 PLANTATION BAY DR,Jacksonville,32244,Vintage Plantation Apartments,8,2001,
360,7602 ARBLE DR,Jacksonville,32211,Wny Marshall Arms Apts,8,1965,
361,12175 PHILIPS HWY,Jacksonville,32256,Wp Davis Creek Mf,8,2024,
362,5521 RICKER RD,Jacksonville,32244,Bdep Jax West Apartments,7,1976,
363,100 MAGNOLIA ST,Jacksonville,32204,Bel Brooklyn Apartments,7,2015,
364,1811 ROGERO RD,Jacksonville,32211,Castille Court,7,1969,
365,2701 MAYPORT RD,Jacksonville,32233,Ebsco Ocean Blue Apartments,7,2018,
366,5141 SHENANDOAH AVE,Jacksonville,32254,Garamor Apartments,7,1974,
367,7703 INDIA AVE,Jacksonville,32211,Gsj Apartments,7,1962,
368,6200 S BARNES RD,Jacksonville,32216,Heather Ridge,7,1969,
369,2760 MAYPORT RD,Jacksonville,32233,Lpg Jaxbeach Apartments,7,1987,
370,9734 TAPESTRY PARK CIR,Jacksonville,32246,Mid America Apartments,7,2009,
371,3206 JUSTINA RD,Jacksonville,32277,Miramar Residences Tic,7,1964,
372,5643 HOLLY BELL DR,Jacksonville,32277,Miramar Residences Tic,7,1964,
373,1251 BEACON POINT DR,Jacksonville,32246,Mw Beacon Pointe,7,1985,
374,11390 SQUARE ST,Jacksonville,32256,Pac Menlo Apartments,7,2020,
375,1333 DUNN AVE,Jacksonville,32218,Pelican Pointe Gardens,7,1987,
376,440 BURBANK AVE,Jacksonville,32081,Ponte Vedra Apartments,7,2024,
377,2054 RIVERSIDE AVE,Jacksonville,32204,Riverside Ave Apartments,7,2001,
378,8833 S OLD KINGS RD,Jacksonville,32257,Shadow Bay Apartments,7,1984,
379,1250 BROOKWOOD FOREST BLVD,Jacksonville,32225,Spear Brian Apartments,7,2006,
380,3820 LOSCO RD,Jacksonville,32257,Sreit Camri Green Apartments L L C,7,2004,
381,5717 TIMUQUANA RD,Jacksonville,32210,Sunwen Growth Apartments,7,1968,
382,7730 PLANTATION BAY DR,Jacksonville,32244,Vintage Plantation Apartments,7,2001,
383,887 FRANKLIN ST,Jacksonville,32206,Ability Oakland Apartments,6,1973,
384,4000 ST JOHNS AVE,Jacksonville,32205,Acif I Rivervue Apartments,6,2019,
385,10598 CORDGRASS LN,Jacksonville,32258,Avenues Walk Apartments,6,2022,
386,7507 PARK VILLAGE DR,Jacksonville,32256,Avere Jacksonville Spe Apartments,6,2022,
387,2039 NIBLICK DR,Jacksonville,32210,Bdep Jax West Apartments,6,1965,
388,250 LAGO MAR WAY,Jacksonville,32256,Bristol Rtr Apartments,6,2024,
389,2441 SPRING PARK RD,Jacksonville,32207,Candlelight Adobe Lc Apartments,6,1964,
390,4674 TOWN CENTER PKWY,Jacksonville,32246,Cx Ravella at Town Center Dst Apartments,6,2018,
391,1601 N 3RD ST,Jacksonville Beach,32250,Dorsch Villas,6,1949,
392,11723 WELLS CREEK PKY,Jacksonville,32256,Felix Apartments,6,2021,
393,1500 MONUMENT RD,Jacksonville,32225,Florentine Apartments,6,1987,
394,10109 OLD ST AUGUSTINE RD,Jacksonville,32257,Huntington Forest Apartments,6,2024,
395,3631 N UNIVERSITY BLVD,Jacksonville,32277,Jackson Commons,6,2018,
396,1620 BARTRAM RD,Jacksonville,32207,Jacksonville Multifamily Ii Dst Apartments,6,2008,
397,14041 HYATT RD,Jacksonville,32218,Jax Hr Apartments,6,2024,
398,1140 KENDALL TOWN BLVD,Jacksonville,32225,Kendall Lakes Apartments,6,2006,
399,4083 SUNBEAM RD,Jacksonville,32257,Mandarin Apartments,6,1986,
400,6226 S BARNES RD,Jacksonville,32216,Mw Landings,6,1967,
401,1600 LANSDOWNE DR,Jacksonville,32211,Mw S&L Apartments,6,1974,
402,2600 TROLLIE LN,Jacksonville,32211,Revocable Living Trust of William A Watson Apartments,6,1973,
403,6455 SAN JUAN AVE,Jacksonville,32210,Samson Equities Apartments,6,1966,
404,6705 ST AUGUSTINE RD,Jacksonville,32217,San Jose Development Apartments,6,1967,
405,2650 DEAN RD,Jacksonville,32216,Shucom Oxh Apartments,6,1974,
406,8599 A C SKINNER PKWY,Jacksonville,32256,Steele Creek Mesa,6,2017,
407,7385 PARK VILLAGE DR,Jacksonville,32256,Sur Apartments,6,2018,
408,11391 SQUARE ST,Jacksonville,32256,Volta Prop Apartments,6,2023,
409,4929 SKYWAY DR,Jacksonville,32246,Wrh Deerwood Apartments,6,2019,
410,871 NEW BERLIN RD,Jacksonville,32218,Accel Jacksonville North Apartments,5,2025,
411,13505 CITICARDS WAY,Jacksonville,32258,B9 Mf Cue Apartments,5,2020,
412,14051 BEACH BLVD,Jacksonville,32250,Beach Blvd Apartments,5,2023,
413,11849 PALM BAY PKWY,Jacksonville,32256,Bga Jax South Apartments,5,2024,
414,8074 W GATE PKWY,Jacksonville,32216,Bw Sola Apartments,5,2016,
415,4890 FLORIDA CLUB CIR,Jacksonville,32216,Ca Florida Club,5,2008,
416,840 BERT RD,Jacksonville,32211,Catalina Residences Tic,5,1966,
417,645 E 21ST ST,Jacksonville,32206,Creative Choice Homes Xx Apartments,5,2006,
418,3545 CYPRESS ST,Jacksonville,32205,Cypress St Apartments,5,1985,
419,13924 EGRETS NEST DR,Jacksonville,32256,Dd Fgl 32.4 Apartments,5,2024,
420,901 KENNARD ST,Jacksonville,32208,Duval County School Board Apartments,5,2025,
421,225 DUVAL STATION RD,Jacksonville,32218,Duval Station Landing,5,2019,
422,13300 ATLANTIC BLVD,Jacksonville,32225,Enclave Apartments,5,2004,
423,7613 JASPER AVE,Jacksonville,32211,Gsj Apartments,5,1965,
424,2078 HYDE PARK RD,Jacksonville,32210,Infinity Magnolia Apartments,5,1965,
425,1800 BLANDING BLVD,Jacksonville,32210,Jacksonville Housing Authority Apartments,5,1964,
426,230 E 1ST ST,Jacksonville,32206,Jacksonville Housing Authority Apartments,5,1977,
427,2873 YELLOW PINE CT,Jacksonville,32277,Jax2 Mc Apartments,5,1974,
428,1956 JAMMES RD,Jacksonville,32210,Jjta2 Real Apartments,5,1963,
429,2951 JUSTINA RD,Jacksonville,32277,Justina Rd Apartments,5,1971,
430,3801 ALMEDA ST,Jacksonville,32209,Lafayette Capstone Group De Apartments,5,1969,
431,9825 N GATE PKWY,Jacksonville,32246,Mid America Apartments,5,2008,
432,1600 MILL CREEK RD,Jacksonville,32211,Mill Creek Apartments,5,1972,
433,3126 JUSTINA RD,Jacksonville,32277,Miramar Residences Tic,5,1963,
434,3031 TALL PINE LN,Jacksonville,32277,Miramar Residences Tic,5,1965,
435,3541 VICTORIA PARK RD,Jacksonville,32216,Mw Landings,5,1970,
436,8050 W BAYMEADOWS CIR,Jacksonville,32256,Lofts at Baymeadows,5,1982,
437,6610 POWERS AVE,Jacksonville,32217,Powers Avenue Apartments,5,2023,
438,11401 OLD ST AUGUSTINE RD,Jacksonville,32258,River Garden Holding Apartments,5,1994,
439,2722 W UNIVERSITY BLVD,Jacksonville,32217,Rosengarten Family Apartments,5,1964,
440,3014 BICENTENNIAL DR,Jacksonville,32221,Saddle Brook Landings Annex,5,2021,
441,4342 SPRING PARK RD,Jacksonville,32207,Show Case Developers Apartments,5,1964,
442,2678 ST JOHNS BLUFF RD,Jacksonville,32246,St Johns Apartments,5,2005,
443,5754 MERRILL RD,Jacksonville,32277,Stardust Residences Tic,5,1962,
444,2712 STARDUST CT,Jacksonville,32211,Stardust Residences Tic,5,1963,
445,660 STARRATT RD,Jacksonville,32218,Vivere Poe Apartments,5,2025,
446,8275 SAN JOSE MANOR CT,Jacksonville,32217,Vpb3 Apartments,5,1979,
447,3650 STANLEY ST,Jacksonville,32207,Aaa Multifamily Professionals Apartments,4,1962,
448,665 STARRATT RD,Jacksonville,32218,Adley Luxe Poe Apartments,4,2025,
449,1515 PULLEN RD,Jacksonville,32216,Anabasis Real Estate Investment Apartments,4,1978,
450,8291 DAMES POINT CROSSING BLVD,Jacksonville,32277,Atlantic Multi Family Apartments,4,2006,
451,13504 CITICARDS WAY,Jacksonville,32256,B9 Mf Cue Apartments,4,2020,
452,4870 E DEER LAKE DR,Jacksonville,32246,Bel Deerwood Apartments,4,2013,
453,1057 BROWARD RD,Jacksonville,32218,Broward Rd Apartments,4,1973,
454,1110 CALIENTE DR,Jacksonville,32211,Cambridge Park Apartments,4,1960,
455,3460 BEACH BLVD,Jacksonville,32207,Chance Beach Apartments,4,2024,
456,5400 COLLINS LAKES DR,Jacksonville,32244,Collins Cove Housing,4,2005,
457,11727 ABESS BLVD,Jacksonville,32225,Dd Abess Apartments,4,2023,
458,14180 DUVAL RD,Jacksonville,32218,Duval Mf Apartments,4,2024,
459,1780 PEARCE ST,Jacksonville,32209,Edward Waters College Apartments,4,1968,
460,1527 FLANDERS RD,Jacksonville,32207,Florida Lakewood Village,4,1965,
461,1700 BLANDING BLVD,Jacksonville,32210,Jacksonville Housing Authority Apartments,4,1966,
462,2535 JAMMES RD,Jacksonville,32210,Jacksonville Rental Apartments,4,1978,
463,5435 W NORDE DR,Jacksonville,32244,Jjta23 Real Apartments,4,1965,
464,6756 103RD ST,Jacksonville,32210,Jjta23 Real Apartments,4,1966,
465,2501 JAMMES RD,Jacksonville,32210,Jjta9 Real Apartments,4,1968,
466,275 SAILFISH DR,Atlantic Beach,32233,Marshpoint Multi Family One,4,1975,
467,2207 SPRING PARK RD,Jacksonville,32207,Mater De Apartments,4,1974,
468,3131 N UNIVERSITY BLVD,Jacksonville,32211,Miramar Residences Tic,4,1984,
469,3016 JUSTINA RD,Jacksonville,32277,Miramar Residences Tic,4,1963,
470,11901 ABESS BLVD,Jacksonville,32225,Pac Sorrel Apartments,4,2016,
471,3760 S UNIVERSITY BLVD,Jacksonville,32216,Pepa Realty Apartments,4,1974,
472,1124 WOODRUFF AVE,Jacksonville,32205,Samuel D Kredell Revocable Living Apartments,4,1970,
473,14304 MARINA SAN PABLO PL,Jacksonville,32224,Sayla Development Apartments,4,2021,
474,3937 SPRING PARK RD,Jacksonville,32207,Silvertree Seniors Apartments,4,1971,
475,2216 SPRING PARK RD,Jacksonville,32207,St Charles Garden Apts,4,1967,
476,6919 N MAIN ST,Jacksonville,32208,St Main Street Apartments,4,1944,
477,2753 STARDUST CT,Jacksonville,32211,Stardust Residences Tic,4,1963,
478,7071 103RD ST,Jacksonville,32210,Vivo Living Apartments,4,1986,
479,5051 HARLOW BLVD,Jacksonville,32210,Ability Vch Apartments,3,2025,
480,2125 HYDE PARK RD,Jacksonville,32210,Avner Apartments,3,1969,
481,13051 GRAN BAY PKWY,Jacksonville,32258,Breit Mf Vera Apartments,3,2018,
482,8737 BAYMEADOWS RD,Jacksonville,32256,Bridge Wf Ii Fl Lenox Cove,3,1991,
483,1033 BERT RD,Jacksonville,32211,Catalina Residences Tic,3,1965,
484,3730 SOUTEL DR,Jacksonville,32208,Christine Cove Apartments,3,2007,
485,11385 EXCHANGE ST,Jacksonville,32256,Crp/Rw Olea South Apartments,3,2024,
486,13305 BEACH BLVD,Jacksonville,32246,Eastside Mf Apartments,3,2024,
487,14030 ATLANTIC BLVD,Jacksonville,32225,Harbortown Apartments,3,2014,
488,5290 BIG ISLAND DR,Jacksonville,32246,Jacksonville Town Center Apartments,3,2013,
489,944 BROADCAST PL,Jacksonville,32207,Jacksonville Transportation Authority Apartments,3,2024,
490,14355 N MAIN ST,Jacksonville,32218,Jax Cr Apartments,3,2025,
491,7423 LINDA DR,Jacksonville,32208,Jjta1 Real Apartments,3,1966,
492,7420 LINDA DR,Jacksonville,32208,Jjta1 Real Apartments,3,1968,
493,1324 PRINCE ST,Jacksonville,32209,"Kings Place Apartments De,",3,1960,
494,1054 CALIENTE DR,Jacksonville,32211,La Palma Residences Tic,3,1960,
495,5531 LOS SANTOS WAY,Jacksonville,32211,La Palma Residences Tic,3,1959,
496,1623 N LIBERTY ST,Jacksonville,32206,Larue Avenue Investors Apartments,3,1931,
497,1450 FLAGLER AVE,Jacksonville,32207,Lofts San Mar,3,1919,
498,5985 WINDSOR FOREST DR,Jacksonville,32210,Ls 5984 Windsor Apartments,3,1966,
499,50 PINE SHADOW PKWY,Jacksonville,32081,Lsc Ponte Vedra Dst Apartments,3,2020,
500,2301 WESTMONT ST,Jacksonville,32207,Millennia Jacksonville Fl Tc Apartments,3,1957,
501,2404 WESTMONT ST,Jacksonville,32207,Millennia Jacksonville Fl Tc Apartments,3,1957,
502,1411 JEFFERSON ST,Jacksonville,32209,Millennia Jax 20 Apartments,3,1952,
503,2912 JUSTINA RD,Jacksonville,32277,Miramar Residences Tic,3,1963,
504,1241 N BLUEHILL DR,Jacksonville,32218,New Outlook Apartments,3,1998,
505,5139 TIMUQUANA RD,Jacksonville,32210,Noal Apartments,3,1966,
506,1600 SHETTER AVE,Jacksonville Beach,32250,Pablo Hamlet Ll Apartments,3,1980,
507,11833 N MAIN ST,Jacksonville,32218,Pointe Grand,3,2024,
508,1905 PROMENADE WAY,Jacksonville,32207,Promenade Apartments,3,2020,
509,5255 RACETRACK RD,Jacksonville,32259,Racetrack Apartments,3,2023,
510,1650 RIVER RD,Jacksonville,32207,River Road Apartments,3,1951,
511,4101 SAN PABLO PKWY,Jacksonville,32224,Rw Marble Olea Beach Haven Apartments,3,2023,
512,13283 MAIN ST,Jacksonville,32218,Sagefield Apartments,3,2022,
513,7008 PONCE DE LEON AVE,Jacksonville,32217,San Jose Nm Apartments,3,1958,
514,4450 TROPEA WAY,Jacksonville,32246,Tbr Jaxon Owner 20 Apartments,3,2018,
515,2749 VERNON TER,Jacksonville,32205,Vernon Terrace,3,1916,
516,2304 S ST JOHNS BLUFF RD,Jacksonville,32246,Waters Ridge,3,2019,
517,7556 LA FONTAINE DR,Jacksonville,32244,Westside Rentals Apartments,3,1971,
518,7603 ARBLE DR,Jacksonville,32211,Wny Marshall Arms Apts,3,1965,
519,3140 FRANKLIN ST,Jacksonville,32206,Ability Housing Apartments,2,1970,
520,953 NEW BERLIN RD,Jacksonville,32218,Accel Jacksonville North Apartments,2,2025,
521,5511 LOS SANTOS WAY,Jacksonville,32211,Adobe Apartments,2,1960,
522,5459 MATANZAS WAY,Jacksonville,32211,Arco Mat Apartments,2,1956,
523,1111 WOODRUFF AVE,Jacksonville,32205,Bdep Murray Hill Apartments,2,1987,
524,1131 WOODRUFF AVE,Jacksonville,32205,Bdep Murray Hill Apartments,2,1964,
525,1040 BERT RD,Jacksonville,32211,Bert Road Apartments,2,1965,
526,1029 CALIENTE DR,Jacksonville,32211,Blue14 Caliente Apartments,2,1960,
527,1864 KINGS RD,Jacksonville,32209,Campus Towers Apartments Ll,2,1968,
528,1612 LARUE AVE,Jacksonville,32207,Case De Mar Apartments,2,1965,
529,939 CEDAR ST,Jacksonville,32207,Cedar Apartments,2,1954,
530,15275 N MAIN ST,Jacksonville,32218,Cg North Main Apartments,2,2025,
531,1300 HENDRICKS AVE,Jacksonville,32207,Chadbourne Ii Mf Apartments,2,2023,
532,1200 PRESERVATION TRL,Jacksonville,32081,Crosstown Apartments,2,2024,
533,1720 LANSDOWNE DR,Jacksonville,32211,Duval County School Board Apartments,2,1971,
534,811 BEACH BLVD,Jacksonville Beach,32250,East Tbr Jax Beach Apartments,2,2014,
535,1580 KINGS RD,Jacksonville,32209,Edward Waters College Apartments,2,1983,
536,8283 BAYMEADOWS RD,Jacksonville,32256,Fusion Rental Community Apartments,2,2020,
537,4565 LEXINGTON AVE,Jacksonville,32210,Gbasay Land Apartments,2,1963,
538,7704 HARE AVE,Jacksonville,32211,Gsj Apartments,2,1961,
539,69 W 7TH ST,Atlantic Beach,32233,Heritage V Apartments,2,2001,
540,77 W 7TH ST,Atlantic Beach,32233,Heritage V Apartments,2,2001,
541,13190 GLEN KERNAN PKWY,Jacksonville,32224,Hodges Apartments,2,2025,
542,222 S 2ND AVE,Jacksonville Beach,32250,J P Properties L Apartments,2,1946,
543,617 W 44TH ST,Jacksonville,32208,Jacksonville Housing Authority Apartments,2,1970,
544,1317 EASTER ST,Jacksonville,32211,Kammerer Rosaria Apartments,2,1962,
545,325 E DUVAL ST,Jacksonville,32202,Lofts at Cathedral,2,1950,
546,1201 BRETTA ST,Jacksonville,32211,Lpg Revocable Living Apartments,2,1973,
547,5984 WINDSOR FOREST DR,Jacksonville,32210,Ls 5984 Windsor Apartments,2,1966,
548,1205 N MARKET ST,Jacksonville,32206,Millennia Jax 20 Apartments,2,1921,
549,1175 RANDOLPH ST,Jacksonville,32205,Murray Hill Village,2,1973,
550,3530 VICTORIA PARK RD,Jacksonville,32216,Mw Landings,2,1970,
551,1290 KENDALL TOWN BLVD,Jacksonville,32225,Novo Apartments,2,2022,
552,9670 KENDALL POINTE DR,Jacksonville,32225,Kendall Pointe Townhomes,2,2022,
553,126 S 13TH AVE,Jacksonville Beach,32250,Nwrw Jax Beach Apartments,2,1973,
554,2796 WOOLERY DR,Jacksonville,32211,Oaktree 2796 Realty Apartments,2,1973,
555,2791 WOOLERY DR,Jacksonville,32211,Oaktree 2796 Realty Apartments,2,1972,
556,2753 MAYPORT RD,Jacksonville,32233,Ocean Reef Atlantic Beach Apartments,2,2022,
557,5101 N MAIN ST,Jacksonville,32206,Palm Lots Apartments,2,1949,
558,5545 PLAYA WAY,Jacksonville,32211,Poma Apartments,2,1987,
559,1218 HICKMAN RD,Jacksonville,32216,Poma Apartments,2,1974,
560,780 ISLAND POINT DR,Jacksonville,32218,Preserve at Jax Prop Apartments,2,2023,
561,7124 PONCE DE LEON AVE,Jacksonville,32217,Revocable Living Trust of William A Watson Apartments,2,1960,
562,5021 QUAN DR,Jacksonville,32205,Saleeba Apartments,2,1971,
563,1924 DANESE CT,Jacksonville,32207,San Marco Fm Apartments,2,1963,
564,500 BISHOP GATE LN,Jacksonville,32204,Sea 15 Apartments,2,2020,
565,5640 ANSLEY ST,Jacksonville,32211,Shay Apartments,2,1985,
566,2600 PHILIPS HWY,Jacksonville,32207,Smp Apartments,2,2023,
567,2146 INWOOD TER,Jacksonville,32207,South Riverside Apartments,2,1964,
568,5824 JUSTINA CT,Jacksonville,32277,St Justina Apartments,2,1964,
569,3658 STANLEY ST,Jacksonville,32207,Stanley Apartments,2,1964,
570,1655 PRUDENTIAL DR,Jacksonville,32207,Stonegate Iv Mf Apartments,2,2019,
571,13885 S SUTTON PARK DR,Jacksonville,32224,Sutton Place,2,2025,
572,1 RIVERSIDE AVE,Jacksonville,32202,Tbr One Riverside Apartments,2,2025,
573,800 HAMMOND BLVD,Jacksonville,32221,Trinity Baptist College,2,2000,
574,4811 PAYNE STEWART DR,Jacksonville,32209,United States of America Apartments,2,2003,
575,716 W CHURCH ST,Jacksonville,32202,Volunteers of America Of Apartments,2,1997,
576,8270 PODRUG ST,Jacksonville,32217,Vpb3 Apartments,2,1979,
577,13723 ATLANTIC BLVD,Jacksonville,32225,Williams Portfolio Apartments,2,2021,
578,122 W 8TH ST,Jacksonville,32206,Ability Dozier Apartments,1,2016,
579,6480 WATERGATE LN,Jacksonville,32210,Ability Londontowne Apartments,1,2019,
580,5353 ARLINGTON EXPY,Jacksonville,32211,Ability Riverton Apartments,1,1962,
581,3946 ST JOHNS AVE,Jacksonville,32205,Acif I Riverview Apartments,1,1961,
582,650 N NEWNAN ST,Jacksonville,32202,Ashley Square,1,2022,
583,10655 BRIGHTMAN BLVD,Jacksonville,32246,Aston Town Center Apartments,1,2024,
584,10342 ATLANTIC CIR,Jacksonville,32246,Atlantic Circle Apartments,1,1962,
585,1251 KINGS RD,Jacksonville,32204,Ayyappa Apartments,1,1961,
586,112 W ADAMS ST,Jacksonville,32202,Barnett Tower,1,1923,
587,5040 SHIRLEY AVE,Jacksonville,32210,Bdep Apartments,1,1960,
588,1165 RANDOLPH ST,Jacksonville,32205,Bdep Murray Hill Apartments,1,1970,
589,4806 KINGSBURY ST,Jacksonville,32205,Bdep Murray Hill Apartments,1,1972,
590,115 S 3RD ST,Jacksonville Beach,32250,Beaches Christian Services Apartments,1,1973,
591,2259 COLLEGE ST,Jacksonville,32204,Bencal Apartments,1,1923,
592,1035 ARCO DR,Jacksonville,32211,Blue Nj 3 Apartments,1,1971,
593,5548 PLAYA WAY,Jacksonville,32211,Blue14 Palms Apartments,1,1960,
594,1310 WILLOW BRANCH AVE,Jacksonville,32205,Capstone Capital Investments One Apartments,1,1926,
595,5175 N MAIN ST,Jacksonville,32208,Caroline Oaks,1,2015,
596,2504 PARK ST,Jacksonville,32204,Cat Investment Properties 5 Apartments,1,1929,
597,201 E ASHLEY ST,Jacksonville,32202,Cathedral Court,1,1980,
598,701 N OCEAN ST,Jacksonville,32202,Cathedral Terrace,1,1974,
599,601 N NEWNAN ST,Jacksonville,32202,Cathedral Towers,1,1968,
600,501 OCEAN ST,Jacksonville,32202,Cathedral Townhouse Apartments,1,1970,
601,3333 N UNIVERSITY BLVD,Jacksonville,32277,Catholic Charities Housing Assoc Of Apartments,1,1984,
602,3335 N UNIVERSITY BLVD,Jacksonville,32277,"Catholic Charities Housing Association of Jacksonville, Inc. Apartments",1,1985,
603,3027 SAN DIEGO RD,Jacksonville,32207,Centennial Holdings (Buckner) Apartments,1,2009,
604,200 RIVERSIDE AVE,Jacksonville,32202,Cs1031 Vista Brooklyn Apartments Dst,1,2021,
605,1526 PARENTAL HOME RD,Jacksonville,32216,Daniel Memorial Apartments,1,1999,
606,5032 SHIRLEY AVE,Jacksonville,32210,Dara Apartments,1,1968,
607,1401 RIVERPLACE BLVD,Jacksonville,32207,Delorenzo Strand Apartments,1,2007,
608,1606 MAYFAIR RD,Jacksonville,32207,Domo Apartments,1,2020,
609,1935 SAN MARCO BLVD,Jacksonville,32207,Dorsch San Mar Apartments,1,1969,
610,2840 HERSCHEL ST,Jacksonville,32205,Duggan George M Apartments,1,1929,
611,1751 N MAIN ST,Jacksonville,32206,Duke Apartments,1,1911,
612,1616 ALMIRA ST,Jacksonville,32211,Duke Apartments,1,1969,
613,930 E ADAMS ST,Jacksonville,32202,E Adams Apartments,1,2025,
614,751 N 1ST AVE,Jacksonville Beach,32250,East Tbr Jax Beach Apartments,1,2014,
615,611 BEACH BLVD,Jacksonville Beach,32250,East Tbr Jax Beach Apartments,1,2014,
616,711 BEACH BLVD,Jacksonville Beach,32250,East Tbr Jax Beach Apartments,1,2014,
617,700 E UNION ST,Jacksonville,32206,East Union Apartments,1,1913,
618,1216 EASTER ST,Jacksonville,32211,Easter St Apartments,1,1965,
619,116 S 2ND AVE,Jacksonville Beach,32250,Eckstein Apartments,1,2015,
620,913 S 2ND ST,Jacksonville Beach,32250,Eckstein Apartments,1,2014,
621,1743 KINGS RD,Jacksonville,32209,Edward Waters College Apartments,1,1950,
622,85 W 48TH ST,Jacksonville,32208,Egret Landing,1,2025,
623,43 E 4TH ST,Jacksonville,32206,Elite Fl Capital Apartments,1,1909,
624,1230 E 7TH ST,Jacksonville,32206,Elizabeth I Homes Apartments,1,1970,
625,1212 E 1ST ST,Jacksonville,32206,Elizabeth Ii Homes Apartments,1,1970,
626,1706 COPELAND ST,Jacksonville,32204,Fenimore Apartments,1,1922,
627,3812 UNIVERSITY BLVD,Jacksonville,32211,Flipper Apartments,1,2015,
628,1115 S EDGEWOOD AVE,Jacksonville,32205,Florida Christian Apartments,1,1973,
629,3505 CORBY ST,Jacksonville,32205,Florida Christian Manor,1,1983,
630,2061 FORBES ST,Jacksonville,32204,Forbes St Apartments,1,1926,
631,959 PRUDENTIAL DR,Jacksonville,32207,Fr Southerly Apartments,1,2021,
632,4025 SALISBURY RD,Jacksonville,32216,Gavin Point,1,2025,
633,1129 ARCO DR,Jacksonville,32211,Green Phin Flats Apartments,1,1961,
634,1217 UNDERHILL DR,Jacksonville,32211,Green Phin Flats Apartments,1,1958,
635,1520 COPELAND ST,Jacksonville,32204,Greenbrier Park L,1,1924,
636,1800 W EDGEWOOD AVE,Jacksonville,32208,Hallmark Rosalind Villas,1,2002,
637,2105 HARVEY ST,Jacksonville,32211,Harvey St Apartments,1,1961,
638,1520 ALFORD PL,Jacksonville,32207,Hendricks Sanmarc Apartments,1,2023,
639,412 E ASHLEY ST,Jacksonville,32202,Hoose A Apartments,1,2020,
640,3630 GALICIA RD,Jacksonville,32217,Housing Association of Diocese of St Augustine Apartments,1,1999,
641,139 N JEFFERSON ST,Jacksonville,32204,Houston Street Manor Limited,1,2018,
642,4785 WALGREEN RD,Jacksonville,32209,I M Sulzbacher Center For the Homeless Apartments,1,2025,
643,210 S 22ND AVE,Jacksonville Beach,32250,J P Apartments,1,1977,
644,1605 MYRTLE AVE,Jacksonville,32209,Jacksonville Housing Authority Apartments,1,1999,
645,1300 N BROAD ST,Jacksonville,32202,Jacksonville Housing Authority Apartments,1,1974,
646,2804 W 1ST ST,Jacksonville,32254,Jax 2804 Apartments,1,1970,
647,160 N 7TH AVE,Jacksonville Beach,32250,Jax Beach Iia Apartments,1,1995,
648,888 FRANKLIN ST,Jacksonville,32206,Jha Franklin Arms Apartments,1,1971,
649,550 COMET ST,Jacksonville,32205,Jjta11 Real Apartments,1,1971,
650,2506 JAMMES RD,Jacksonville,32210,Jjta12 Real Apartments,1,1975,
651,6259 WILSON BLVD,Jacksonville,32210,Jjta13 Real Apartments,1,1972,
652,6253 WILSON BLVD,Jacksonville,32210,Jjta13 Real Apartments,1,1972,
653,7154 CONANT AVE,Jacksonville,32210,Jjta14 Real Apartments,1,1963,
654,7166 CONANT AVE,Jacksonville,32210,Jjta14 Real Apartments,1,1968,
655,1029 BRADY ST,Jacksonville,32209,Jjta24 Real Apartments,1,1960,
656,5566 KINGSBURY ST,Jacksonville,32205,Jjta4 Real Apartments,1,1964,
657,12397 SAN JOSE BLVD,Jacksonville,32223,Julington Apartments,1,2022,
658,3253 JUSTINA RD,Jacksonville,32277,Justina Rd Apartments,1,1964,
659,2969 HERSCHEL ST,Jacksonville,32205,Ken Flow Aircraft Parts Apartments,1,1922,
660,1606 KING ST,Jacksonville,32204,King 25 Apartments,1,1957,
661,1038 CALIENTE DR,Jacksonville,32211,La Palma Residences Tic,1,1960,
662,4360 DEERWOOD LAKE PKWY,Jacksonville,32216,Lake Lofts,1,2017,
663,909 BERT RD,Jacksonville,32211,Les Chateaux Apartments,1,1968,
664,2203 ART MUSEUM DR,Jacksonville,32207,Liberty Center Apartments,1,1976,
665,1845 LINDBERG DR,Jacksonville,32210,Lindberg Dr Apartments,1,1977,
666,190 CHELSEA ST,Jacksonville,32204,Lofts at Brooklyn,1,2021,
667,799 WATER ST,Jacksonville,32204,Lofts at Lavilla,1,2019,
668,995 WATER ST,Jacksonville,32204,Lofts at Lavilla,1,2017,
669,906 W MONROE ST,Jacksonville,32204,Lofts at Lavilla On Monroe,1,2018,
670,840 S EDGEWOOD AVE,Jacksonville,32205,Lofts at Murray Hill,1,2021,
671,3036 PHILIPS HWY,Jacksonville,32207,Lofts at San Marco East,1,2024,
672,7400 HOGAN RD,Jacksonville,32216,Madison Manor Apartments,1,2007,
673,6898 A C SKINNER PKWY,Jacksonville,32256,Mag Portiva Apartments,1,2018,
674,103 TROUT RIVER DR,Jacksonville,32208,Market Ready Pros Apartments,1,1957,
675,207 N 9TH AVE,Jacksonville Beach,32250,Marshpoint Multi Family One,1,1948,
676,220 S 5TH AVE,Jacksonville Beach,32250,Marshpoint Multi Family One,1,1969,
677,1250 W 16TH ST,Jacksonville,32209,Mary Eaves Apartments,1,2017,
678,6699 LENOX AVE,Jacksonville,32205,Matyi Daniel J Apartments,1,1984,
679,831 MAY ST,Jacksonville,32204,May Post Real Estate Apartments,1,1940,
680,4580 SHIRLEY AVE,Jacksonville,32210,Mcdaniel Apartments,1,1963,
681,4575 LEXINGTON AVE,Jacksonville,32210,Mcdaniel Apartments,1,1963,
682,5846 MT CARMEL TER,Jacksonville,32216,Mcg Senior Apartments,1,1972,
683,6555 LENOX AVE,Jacksonville,32205,Melissa Grove,1,2024,
684,127 S 1ST AVE,Jacksonville Beach,32250,Melrose Place Apts 1St Ave,1,1955,
685,3927 NOTTER AVE,Jacksonville,32206,Metro North Community Development Corporation Apartments,1,1969,
686,220 RIVERSIDE AVE,Jacksonville,32202,Mid America Apartments,1,2014,
687,9050 NORFOLK BLVD,Jacksonville,32208,Morris Manor Ll,1,1980,
688,4809 PLYMOUTH ST,Jacksonville,32205,Murray Hill Village,1,1978,
689,4818 ALPHA AVE,Jacksonville,32205,Murray Hill Village,1,1988,
690,3933 PRITMORE RD,Jacksonville,32257,National Church Residences,1,1983,
691,8000 FLEET LANDING BLVD,Atlantic Beach,32233,Naval Continuing Care Retirement Foundation Apartments,1,2021,
692,7911 TALLAHASSEE AVE,Jacksonville,32208,New Outlook Apartments,1,1995,
693,2250 JAMMES RD,Jacksonville,32210,Northwest Housing Initiative Apartments,1,2003,
694,11291 ALUMNI WAY,Jacksonville,32246,Nshf Apartments,1,2015,
695,6734 103RD ST,Jacksonville,32210,Nvc 103Rd Street Apartments,1,2011,
696,15001 N MAIN ST,Jacksonville,32218,Oceanway Sand Apartments,1,1946,
697,814 N 1ST ST,Jacksonville Beach,32250,Packer Apartments,1,2014,
698,139 COTTAGE AVE,Jacksonville,32206,Pearce Springfield Apartments,1,1929,
699,1504 PERRY ST,Jacksonville,32206,Perry Street Apartments,1,1946,
700,1800 CORPORATE SQUARE BLVD,Jacksonville,32211,Peyton Ridge Community,1,2016,
701,20 W ADAMS ST,Jacksonville,32202,Phoenix Adams Rising Apartments,1,1911,
702,8760 PINNACLE PARK BLVD,Jacksonville,32256,Pinnacle,1,2024,
703,780 SCAUP WAY,Jacksonville,32218,Preserve at Jax Prop Apartments,1,2023,
704,2831 HERSCHEL ST,Jacksonville,32205,Preserved Properties of Avondale Apartments,1,1942,
705,2775 HERSCHEL ST,Jacksonville,32205,R&R Apartments,1,1958,
706,6473 SAN JUAN AVE,Jacksonville,32210,R&R Loving Hands Apartments,1,2021,
707,1504 S MCDUFF AVE,Jacksonville,32205,Raymond Charles Apartments,1,1926,
708,2345 POST ST,Jacksonville,32204,Ricketson Darlene Apartments,1,1948,
709,2738 RIVERSIDE AVE,Jacksonville,32205,Riverside 25 Apartments,1,1929,
710,750 OAK ST,Jacksonville,32204,Riverside Park Apartments Ll,1,1982,
711,1045 OAK ST,Jacksonville,32204,Riverside Presbyterian Apartments,1,1970,
712,1826 BAYARD PL,Jacksonville,32205,Riviera Park,1,1951,
713,931 RUBEL ST,Jacksonville,32205,Rubel and College Apartments,1,1928,
714,3622 GALICIA RD,Jacksonville,32217,San Jose Catholic Housing Association Apartments,1,1999,
715,1823 DANESE CT,Jacksonville,32207,San Marco Fm Apartments,1,1963,
716,10640 SATORI LN,Jacksonville,32256,Satori Town Center Apartments,1,2021,
717,421 W CHURCH ST,Jacksonville,32202,Sba Edge Apartments,1,1959,
718,3146 POST ST,Jacksonville,32205,Sbsjax 3146 Post St Apartments,1,1955,
719,555 BISHOP GATE LN,Jacksonville,32204,Sea 15 Apartments,1,2020,
720,1900 OLEVIA ST,Jacksonville,32207,Smc Apartments,1,2021,
721,1810 BERTHA ST,Jacksonville,32207,Smc Apartments,1,2021,
722,1444 HOME ST,Jacksonville,32207,Soba Apartments,1,2019,
723,3465 PHILIPS HWY,Jacksonville,32207,Sp Jax Apartments,1,1978,
724,605 N OCEAN ST,Jacksonville,32202,Sp Sd Apartments,1,1907,
725,1148 N MAIN ST,Jacksonville,32206,Springfield Mf Apartments,1,2025,
726,19 W 38TH ST,Jacksonville,32206,St 38 Street Apartments,1,1950,
727,22 W 38TH ST,Jacksonville,32206,St 38 Street Apartments,1,1950,
728,2761 ST JOHNS AVE,Jacksonville,32205,St Johns Apartments,1,1952,
729,3273 JUSTINA RD,Jacksonville,32277,St Justina Apartments,1,1964,
730,1020 STOCKTON ST,Jacksonville,32204,Stockton Apartments,1,1930,
731,2335 RIVERSIDE AVE,Jacksonville,32204,Sunshine 2335 Realty Apartments,1,1928,
732,5844 JUSTINA CT,Jacksonville,32277,Sunshine State Reo Apartments,1,1965,
733,2851 SOPHIA ST,Jacksonville,32254,Tlv Investments 3 Apartments,1,1973,
734,1400 LE BARON AVE,Jacksonville,32207,Towers Of,1,1972,
735,5000 BIG ISLAND DR,Jacksonville,32246,Town Center Apartments,1,2013,
736,113 W ADAMS ST,Jacksonville,32202,W A Knight Bldg Development Apartments,1,1920,
737,218 W CHURCH ST,Jacksonville,32202,W Church Apartments,1,1924,
738,208 N 10TH AVE,Jacksonville Beach,32250,Wadman John P Apartments,1,1948,
739,1055 E 1ST ST,Jacksonville,32206,Wealth Watchers Apartments,1,2018,
740,5626 WINDERMERE DR,Jacksonville,32211,Windermere Apartments,1,1974,
741,3015 PARENTAL HOME RD,Jacksonville,32216,Yccp Apartments,1,2009,
